{
    "ticket_details": [
        {
            "CustomerName": "Ayushi",
            "ticketNumber": "000007",
            "product": "Clothes",
            "issueHead": "Delayed Shipping",
            "message": "My Order hasn't arrived from last 5 days",
            "status": "Pending"
        },
        {
            "CustomerName": "shashwat tiwari",
            "ticketNumber": "000008",
            "product": "Laptop",
            "issueHead": "Damaged Product Delivered",
            "message": "Screen is broken",
            "status": "Resolved"
        },
        {
            "CustomerName": "Ayushi Sharma",
            "ticketNumber": "000009",
            "product": "Refrigrator",
            "issueHead": "Others",
            "message": "I got a big soap instead of Refrigrator",
            "status": "Pending"
        }
    ]
}
